{
  "num_nodes": 14970,
  "num_edges": 68286,
  "density": 0.0006094626289120428,
  "top_degree_centrality": [
    [
      "中国",
      0.048967866924978294
    ],
    [
      "美国",
      0.03106419934531365
    ],
    [
      "女子",
      0.030596566236889573
    ],
    [
      "春晚",
      0.030462956777339838
    ],
    [
      "男子",
      0.029394081100941948
    ],
    [
      "春节",
      0.025987039882423676
    ],
    [
      "自己",
      0.02525218785490013
    ],
    [
      "韩国",
      0.022646803393680272
    ],
    [
      "樊振东",
      0.021444318257732648
    ],
    [
      "肖战",
      0.020909880419533705
    ]
  ],
  "average_clustering": 0.6926235375809604
}